Венчурные инвестиции: что это такое, как они работают и какие есть плюсы и минусы;5945
Как мы использовали BTL в финтехе, чтобы привлечь новых клиентов;70543
Открытый API: тренды в финтех индустрии;71316
Как развивается рынок финтех-кредитования в России;71901
Как Казахстану стать кузницей финтех-стартапов;72728
«Был готов дать $50 млн, а взяли только $17 млн»: Сергей Солонин об инвестициях в Telegram, финтехе, регуляторах и семье;73092
Ламбумиз разместил облигации;76417
От «банки» — к электронным банкам и займам онлайн. Как финтех изменил сознание пользователей;76960
Зарождающиеся тренды в финтехе ориентированном на старшее поколение;77947
3 примера инвестиций в облигации с отрицательной доходностью;79403
Для тех, кто в финтех;80206
Частные инвесторы стали активнее скупать облигации при первичном размещении;80324
Крупнейший за Уралом поставщик бумаги и картона разместит облигации;81904
4 способа потерять деньги на инвестициях – личный опыт;85039
Откуда не ждали: три финтех-стартапа из Африки, Южной Америки и Юго-Восточной Азии;87038
Тренды финтех-индустрии: что показали банки и стартапы на Finopolis 2019;88682
Куда выгоднее инвестировать: фондовый рынок, недвижимость, депозит;88764
Шпаргалка для инвестора: основные мультипликаторы для оценки компаний на бирже;90335
Как мне удалось получить 25% годовых на российских облигациях федерального займа;91285
Банки, платформы, финтехи: партнеры или конкуренты?;92220
Депозитарные расписки: как купить акции любой компании;92616
Финтех-стартап OPay от Opera привлёк $120 млн на развитие в Африке;93110
Страхование как вид инвестиций;93438
Как финтех пытается вернуть в рестораны чаевые;94522
Крупнее Revolut и N26 вместе взятых: что известно о самом дорогом европейском финтех-стартапе Klarna;95133
10 фактов об облигациях, которые нужно знать начинающему инвестору;95543
WSJ: Twitter впервые продаст облигации, чтобы привлечь $600 млн на фоне слабой отчётности за третий квартал 2019 года ;95765
Еврооблигации компании Sasol Limited;96087
Обзор криптовалюты PiCash;97456
Финтех 2020: что ждать от финансовых технологий в новом году;98316
Стоимость акций Tesla достигла $420 — по такой цене Илон Маск хотел выкупить акции год назад;98757
CNBC: акции Netflix стали самыми доходными за десять лет среди компаний из S&P 500 — их стоимость выросла на 4181%;99451
Стоит ли покупать акции «Тинькофф»;99685
Российский рынок акций в 2020–2022 годах;99747
Короткие доходные еврооблигации;100795
Почему покупка инвестиционных «облигаций» от «Сбербанка» – плохая инвестиция;101051
7 популярных вопросов про облигации;101403
Акции Apple могут взлететь из-за рекордного спроса на iPhone с поддержкой сетей 5G;102301
Почему инвестиции Баффета такие прибыльные?;102322
Портфель из облигаций с ежемесячными купонными выплатами;102489
Сооснователь «Яндекса» Аркадий Волож продаст 2 млн акций компании на сумму около $90 млн;102637
Акции Tesla. Стоит покупать или нет?;102858
Давай займемся финтехом;102871
Мобильные деньги и быстрый рост финтеха в Африке;103451
Инвестиции или спекуляции на фондовом рынке;103574
Инвестиции в «голубые фишки» фондового рынка: исследование результатов за 11 лет;103792
Какие акции купить после коррекции? Часть 1. Нефтегазовый сектор;104210
После реакции рынка на конфликт между Ираном и США, стоит ли считать биткоин безопасным активом?;104217
"Биткоин 2020. Почему главная криптовалюта скоро вновь будет ""на слуху""";104243
Какое главное оружие есть у инвестора в акции;104666
Что такое криптовалюта и с чем ее едят?;104673
Финтех-тренды 2020: жизнь за пределами экосистем;104746
Через призму времени: история криптовалюты PRIZM от создания до нынешних дней;104924
Акции Tesla в понедельник выросли до $780;104962
Стоимость акций Tesla впервые превысила $900: с чем связан рост и что говорят аналитики;105093
Акции поставщика облачного ПО Bill падают на 10% в ожидании отчета;105353
Акции Tesla упали почти на 18% после двухдневного роста;105387
Акции Tesla выросли на 36% за два дня. В чем дело?;105445
Что такое облигации и почему в них стоит вложиться?;105613
Где искать доходность, когда ставки падают?;105807
Держатели гособлигаций владеют рисками природного капитала;105824
Биткоин снова дороже $10 000 — за 2020 криптовалюта выросла на 40%;106007
Prizm 2020: перспективы российской криптовалюты и прогноз цены;106337
Как заработать на Prizm максимум: в поисках лучшего времени для инвестиций;106542
20 лучших акций для покупки в 2020 году, включая две, которыми должен владеть каждый инвестор, часть первая;106630
0 лучших акций для покупки в 2020 году (включая 2, которыми должен владеть каждый инвестор). Часть №2;106985
Что такое защитные акции;107853
Акции сервиса скидок Groupon упали на 44% на фоне публикации слабой отчётности ;108161
CB Insights: финтех-стартапы привлекли рекордные $34,5 млрд инвестиций в 2019 году;108255
Как заработать Биткоин в 2020 году без инвестиций?;108799
Любовь, инвестиции и роботы. Можно ли доверить инвестирование искусственному интеллекту?;108920
"Стоит ли покупать акции ""Boeing"" ? Давайте разузнаем";109045
Как стать инвестором с нуля: пошаговый план;109076
Облигации - инструмент для тех, кто не готов рисковать;109324
Акции Яндекс обвалились;109596
Как самостоятельно выплачивать себе пенсию с помощью инвестиций;110329
Акции Head Hunter обвалились;112122
Как правильно рассчитать доходность инвестиций в процентах годовых;112157
О новом виде инвестиций в промышленный девелопмент;112530
Еврооблигации Credito Real;112580
Вакцина от «коронавируса брокерского счета». Биржевые опционы. Покупка волатильности;112853
Компании, чьи акции рухнули больше всех за месяц;113156
Коронавирусный кризис: время покупать акции?;114318
Миллиардер Масаёси Сон объявил о продаже активов SoftBank на $41 млрд и выкупе акций на $18 млрд ;114556
Инвесторы снова перепутали китайскую Zoom Technologies с сервисом видеосвязи Zoom и подняли её акции на 557% в марте ;114877
Закрытый биржевой стакан форекс, или как увидеть Stop Loss других игроков рынка;115431
Миллениалы выбирают биткоины, а не акции Microsoft;128517
Либерализация рынка акций ОАО «Газпром»;313313
Россияне стали активнее осваивать фондовый рынок;318538
Коммерческие облигации — новые возможности привлечения финансирования на Money Friends;356612
Смогут ли акции ретейлеров вернуть былое величие в 2020 году?;381928
Металлы благородные, а инвестиции выгодные ли?;429716
Как защитить свои деньги от инфляции?;431020
2020 год – время укрепления финтеха и интересных инвестиционных возможностей;435851
Торгую акциями уже 6 лет. В 2019 году рынок акций изменился раз и навсегда;439690
Что такое стейкинг криптовалюты?;441975
"Является ли акция ""iRobot"" нужным вложением?";442572
"Акции ""Nvidia"" лидируют в топ группе, но стоит ли покупать их прямо сейчас?";442572
Еврооблигации Минфина: миллионная льгота на прибыль;458139
Как вернуть акции ЭН+ на биржу;464233